{
  "num_samples": 99770,
  "score_columns": [
    "overall_score",
    "timing_accuracy",
    "timing_consistency",
    "tempo_stability",
    "hand_balance"
  ],
  "correlation_matrix": {
    "overall_score": {
      "overall_score": 1.0,
      "timing_accuracy": 0.8647649263887667,
      "timing_consistency": 0.8862725697544761,
      "tempo_stability": 0.653610158500582,
      "hand_balance": 0.17348521921095944
    },
    "timing_accuracy": {
      "overall_score": 0.8647649263887667,
      "timing_accuracy": 1.0,
      "timing_consistency": 0.9130409368501454,
      "tempo_stability": 0.5764097673322123,
      "hand_balance": 0.18449702438398563
    },
    "timing_consistency": {
      "overall_score": 0.8862725697544761,
      "timing_accuracy": 0.9130409368501454,
      "timing_consistency": 1.0,
      "tempo_stability": 0.5424548951264149,
      "hand_balance": 0.19895461789556818
    },
    "tempo_stability": {
      "overall_score": 0.653610158500582,
      "timing_accuracy": 0.5764097673322123,
      "timing_consistency": 0.5424548951264149,
      "tempo_stability": 1.0,
      "hand_balance": 0.10023942777329194
    },
    "hand_balance": {
      "overall_score": 0.17348521921095944,
      "timing_accuracy": 0.18449702438398563,
      "timing_consistency": 0.19895461789556818,
      "tempo_stability": 0.10023942777329194,
      "hand_balance": 1.0
    }
  },
  "high_correlations": [
    {
      "score1": "timing_accuracy",
      "score2": "timing_consistency",
      "correlation": 0.9130409368501454
    },
    {
      "score1": "overall_score",
      "score2": "timing_consistency",
      "correlation": 0.8862725697544761
    },
    {
      "score1": "overall_score",
      "score2": "timing_accuracy",
      "correlation": 0.8647649263887667
    }
  ],
  "clusters": [
    [
      "overall_score",
      "timing_accuracy",
      "timing_consistency"
    ],
    [
      "tempo_stability"
    ],
    [
      "hand_balance"
    ]
  ],
  "recommended_scores": [
    "overall_score",
    "tempo_stability",
    "hand_balance"
  ],
  "pca": {
    "explained_variance": [
      0.658347878359975,
      0.191270675814974,
      0.10877451601934136,
      0.025790755388614684,
      0.015816174417095066
    ],
    "cumulative_variance": [
      0.658347878359975,
      0.849618554174949,
      0.9583930701942904,
      0.9841838255829051,
      1.0000000000000002
    ],
    "components_for_90_percent": 3,
    "components_for_95_percent": 3,
    "top_loadings": {
      "PC1": [
        {
          "score": "overall_score",
          "loading": 0.523716592463441
        },
        {
          "score": "timing_accuracy",
          "loading": 0.5186175250341081
        },
        {
          "score": "timing_consistency",
          "loading": 0.5184515338504393
        },
        {
          "score": "tempo_stability",
          "loading": 0.40883470422898077
        },
        {
          "score": "hand_balance",
          "loading": 0.14428785524813686
        }
      ],
      "PC2": [
        {
          "score": "hand_balance",
          "loading": 0.983528067100423
        },
        {
          "score": "tempo_stability",
          "loading": -0.15476846496765273
        },
        {
          "score": "overall_score",
          "loading": -0.0750401837336347
        },
        {
          "score": "timing_accuracy",
          "loading": -0.0482008462934424
        },
        {
          "score": "timing_consistency",
          "loading": -0.02765705550273126
        }
      ],
      "PC3": [
        {
          "score": "tempo_stability",
          "loading": 0.8824486366624086
        },
        {
          "score": "timing_consistency",
          "loading": -0.3482527598196958
        },
        {
          "score": "timing_accuracy",
          "loading": -0.2816207352115551
        },
        {
          "score": "hand_balance",
          "loading": 0.1080192855873332
        },
        {
          "score": "overall_score",
          "loading": -0.09500533864329722
        }
      ]
    }
  },
  "statistics": {
    "overall_score": {
      "count": 99770.0,
      "mean": 49.633280001279466,
      "std": 14.878543659235312,
      "min": 20.24395846113018,
      "25%": 37.39124296601544,
      "50%": 47.49997187971898,
      "75%": 61.07195871652166,
      "max": 89.14380583649404
    },
    "timing_accuracy": {
      "count": 99770.0,
      "mean": 38.437789520846614,
      "std": 30.54500749193222,
      "min": 2.1852887459420687e-09,
      "25%": 6.473238907057076,
      "50%": 36.69308314159138,
      "75%": 68.61692467237955,
      "max": 90.35328551535635
    },
    "timing_consistency": {
      "count": 99770.0,
      "mean": 21.961631086404147,
      "std": 23.962493817996044,
      "min": 2.356923420282636e-06,
      "25%": 0.8895599893268004,
      "50%": 10.516690995080955,
      "75%": 41.479349821971155,
      "max": 83.0832356772149
    },
    "tempo_stability": {
      "count": 99770.0,
      "mean": 26.264556082209648,
      "std": 32.00377684550163,
      "min": 0.0,
      "25%": 0.0,
      "50%": 6.903890457916511,
      "75%": 51.12561505008661,
      "max": 99.98921261150622
    },
    "hand_balance": {
      "count": 99770.0,
      "mean": 85.77495649459313,
      "std": 8.974107253651702,
      "min": 36.40152596387949,
      "25%": 80.51104403979105,
      "50%": 87.31628446005249,
      "75%": 92.76684727931018,
      "max": 99.95653240365107
    }
  }
}