{
  "num_samples": 1200,
  "score_columns": [
    "overall_score",
    "timing_accuracy",
    "timing_consistency",
    "tempo_stability",
    "hand_balance"
  ],
  "correlation_matrix": {
    "overall_score": {
      "overall_score": 1.0,
      "timing_accuracy": 0.9178331666460531,
      "timing_consistency": 0.9355672432695674,
      "tempo_stability": 0.7892677671875614,
      "hand_balance": 0.20376796483454013
    },
    "timing_accuracy": {
      "overall_score": 0.9178331666460531,
      "timing_accuracy": 1.0,
      "timing_consistency": 0.9378793269651181,
      "tempo_stability": 0.6997169148203128,
      "hand_balance": 0.21108783642893905
    },
    "timing_consistency": {
      "overall_score": 0.9355672432695674,
      "timing_accuracy": 0.9378793269651181,
      "timing_consistency": 1.0,
      "tempo_stability": 0.7456153686472452,
      "hand_balance": 0.17365996236668335
    },
    "tempo_stability": {
      "overall_score": 0.7892677671875614,
      "timing_accuracy": 0.6997169148203128,
      "timing_consistency": 0.7456153686472452,
      "tempo_stability": 1.0,
      "hand_balance": 0.20479902147961515
    },
    "hand_balance": {
      "overall_score": 0.20376796483454013,
      "timing_accuracy": 0.21108783642893905,
      "timing_consistency": 0.17365996236668335,
      "tempo_stability": 0.20479902147961515,
      "hand_balance": 1.0
    }
  },
  "high_correlations": [
    {
      "score1": "timing_accuracy",
      "score2": "timing_consistency",
      "correlation": 0.9378793269651181
    },
    {
      "score1": "overall_score",
      "score2": "timing_consistency",
      "correlation": 0.9355672432695674
    },
    {
      "score1": "overall_score",
      "score2": "timing_accuracy",
      "correlation": 0.9178331666460531
    }
  ],
  "clusters": [
    [
      "overall_score",
      "timing_accuracy",
      "timing_consistency"
    ],
    [
      "tempo_stability"
    ],
    [
      "hand_balance"
    ]
  ],
  "recommended_scores": [
    "overall_score",
    "tempo_stability",
    "hand_balance"
  ],
  "pca": {
    "explained_variance": [
      0.7163932925680787,
      0.18830835841181726,
      0.07013931381758746,
      0.013971718543609072,
      0.01118731665890746
    ],
    "cumulative_variance": [
      0.7163932925680787,
      0.904701650979896,
      0.9748409647974834,
      0.9888126833410925,
      1.0
    ],
    "components_for_90_percent": 2,
    "components_for_95_percent": 3,
    "top_loadings": {
      "PC1": [
        {
          "score": "overall_score",
          "loading": 0.512619534751438
        },
        {
          "score": "timing_consistency",
          "loading": 0.5085783692788246
        },
        {
          "score": "timing_accuracy",
          "loading": 0.5017183928155353
        },
        {
          "score": "tempo_stability",
          "loading": 0.4515492754559308
        },
        {
          "score": "hand_balance",
          "loading": 0.15149640602578915
        }
      ],
      "PC2": [
        {
          "score": "hand_balance",
          "loading": 0.9869317148071983
        },
        {
          "score": "timing_consistency",
          "loading": -0.11585635291176738
        },
        {
          "score": "overall_score",
          "loading": -0.08181728725478198
        },
        {
          "score": "timing_accuracy",
          "loading": -0.07067807959896455
        },
        {
          "score": "tempo_stability",
          "loading": -0.02921705611758093
        }
      ],
      "PC3": [
        {
          "score": "tempo_stability",
          "loading": 0.8714827707370718
        },
        {
          "score": "timing_accuracy",
          "loading": -0.3991307900270686
        },
        {
          "score": "timing_consistency",
          "loading": -0.2615062998816746
        },
        {
          "score": "overall_score",
          "loading": -0.10510184799847615
        },
        {
          "score": "hand_balance",
          "loading": -0.042195372143226426
        }
      ]
    }
  },
  "statistics": {
    "overall_score": {
      "count": 1200.0,
      "mean": 55.18265446100745,
      "std": 16.17966233679675,
      "min": 23.59259249935503,
      "25%": 40.57985919754762,
      "50%": 56.270897640245366,
      "75%": 68.85723221360546,
      "max": 88.48147928241032
    },
    "timing_accuracy": {
      "count": 1200.0,
      "mean": 45.075914911053744,
      "std": 33.28423332223426,
      "min": 7.3200387451067174e-09,
      "25%": 4.047517021941544,
      "50%": 54.29038944771396,
      "75%": 76.06659796548749,
      "max": 89.73259740929956
    },
    "timing_consistency": {
      "count": 1200.0,
      "mean": 29.039493105918954,
      "std": 26.779166523270412,
      "min": 1.3674463436970758e-06,
      "25%": 0.5992416330902325,
      "50%": 25.935872622359913,
      "75%": 52.755927548585426,
      "max": 82.98632737118425
    },
    "tempo_stability": {
      "count": 1200.0,
      "mean": 32.213963502351504,
      "std": 34.27675449484085,
      "min": 0.0,
      "25%": 0.0,
      "50%": 21.52558435082409,
      "75%": 63.29772424081945,
      "max": 99.96842539076613
    },
    "hand_balance": {
      "count": 1200.0,
      "mean": 86.226852098322,
      "std": 9.181841152011435,
      "min": 47.594906775515824,
      "25%": 80.45820912115202,
      "50%": 88.03667415959694,
      "75%": 93.5485544747931,
      "max": 99.85739813659322
    }
  }
}
